id,vorname,nachname
3c1fd51a-3e44-4639-8aea-3721c7b04e90,Dudley,Ariss
9fac8598-9aa3-4026-b093-e1d15fa213a3,Farah,Tranfield
5dbbf8aa-1a02-4d58-8a58-51a7563f0dd0,Teddie,Mossop
84843b59-6ca2-4d5e-94a0-da7ec7ef991b,Rozelle,Fortye
2fa301c7-c745-4c1e-999b-2d0ea32f03d6,Charleen,Rozenzweig
198e12a5-6160-4886-9cef-16c7e51cde30,Deana,Dakers
09e54514-6b11-48b2-acee-41cb0f259820,Angus,Wannop
64ba46df-b5c6-4a32-a55d-c8ae15238810,Lindsy,Brittian
2146059d-01ee-4414-9e22-2949b42aa587,Jeannie,Elton
0ffb3924-cc94-4351-9556-5b5db57d4280,Vergil,Rothert
2f0647b1-47a6-4f5b-b2ff-7f6f83cbd15c,Kevina,Grimble
c0a9a9e4-3f5e-4212-8278-200544ebe974,Jean,Panting
7c9aad02-8a24-40b2-b84f-26679ffac638,Charlena,Oldis
ad5110c1-ec54-4d26-ab97-a8b169ae32bc,Indira,Daunay
19a710e7-b093-4a1a-8d0a-0a08d85c8a2a,Clarey,Symers
9981be4d-51bd-48fb-a89f-56247f4f87bf,Markus,Beacock
d1dd5f49-9dea-471a-a0cc-6ddc1646c2c5,Mead,Curner
5c07ca4f-6dab-4823-a0fa-e87a98ffc6ae,Brandyn,M'Quharg
4e8be3e9-de5b-41c4-a3df-be3dda1a9e9a,Reeta,Mowsdale
24659651-f6f6-49c2-9813-24aff22c41b3,Yanaton,Stannion
be94fb93-01c0-40d8-b1d4-5c1e5bb98e3c,Isac,Odam
83f626d2-53b1-4a01-be12-3d82a69e8900,Fallon,Rickeard
ed6b5971-f2e2-467c-9a4e-2ba18e6e3627,Carlin,Niezen
85f49392-ba5a-4333-a8d4-e8ca6870b199,Siegfried,Switsur
dc3ce22d-7877-4c34-9b9b-b89670b9e125,Glori,Coslitt
745fc42b-7408-4095-bebf-eed5bf8a4b64,Mureil,Gaskell
c4480911-6a18-4343-8c9d-dd8f125d6fb1,Lurline,Rivlin
6ac3a1c1-9743-4326-a882-736df123e256,Nata,Sconce
73b51dfe-a9f4-459a-91dc-6d171c3a0ece,Livy,Stirman
9b374afd-f0da-4feb-8ffe-b5d834624675,Daisey,Ohrtmann
4f73039d-ce3a-4285-a443-32c7e9a91f41,Clarey,Warre
34a8cbeb-7b96-4011-8e97-806b55b78cdd,Clare,Gilffillan
c136ade9-549a-4145-9dd3-d88f44cbf3c1,Emiline,Yanyshev
278911ea-02ca-41af-b986-e5a34069421b,Rip,Roddell
12542f24-2642-44f8-a801-bc55cc6e6278,Dara,Swindells
9215d01a-bb1b-46ba-8722-5ab2c21c7458,Bettina,Besantie
1ec36631-f630-4b8f-8a7f-f0caeddd0777,Caryl,Rubinov
c7c0a89a-97cf-4ecb-859c-b5db358dc18a,Allegra,Birbeck
2ef43d57-a6e5-4094-b953-7333be5fb4ae,Koressa,Conti
f8cbd55d-2534-4bec-a19d-efae54b6f97a,Suzy,Stiles
5d8811cf-eab9-47fa-868d-0e4d5262eda4,Carling,Lusted
84f44038-57fa-4f55-b0d6-f9a5d445106b,Dottie,Penni
8687b851-31d2-4a97-aeb9-1b72f205d420,Mari,Grise
44eeca4e-37b5-4da3-8f93-52691a787cce,Opal,Impey
a7b13f23-9f2c-4f67-9f69-cbf18a673ef4,Harley,Delgaty
621aaa21-3fa4-4faf-83e5-bb381a329535,Pernell,Toppin
411c354d-2ddd-4a60-9a4c-7d7a4f9f6edb,Melli,Weinmann
81f25544-71c4-43a4-b2ea-1f685645cc68,Modesty,Quarton
17907ad0-f742-49fd-8ac1-fb354d555630,Kale,Roskilly
291f8e1a-b116-4d47-a415-ebe1e87a9a29,Clifford,Storck
937dc6b0-74e4-4a11-bbd1-91dbe3f407ea,Stephen,Balhatchet
bfa815e3-0ea2-4381-8995-f935063d641f,Sybil,Harroway
98b2a51a-c28b-419b-9bc3-7ef700d3bbb7,Phillida,Cordier
ed4cd0c5-de8e-477e-bd86-085dd5c34efa,Marianne,McGunley
7ad719b1-dc9f-4bfe-8f36-f61504931ca4,Britteny,Zielinski
9dca75e1-ec75-40f1-bbd4-fe312f657559,Willetta,Beresfore
4542414f-1fe5-48cf-9885-5d110809aea4,Margarita,Colbrun
f3304af8-1df0-4a4f-bb2d-8dc1e977a0dc,Kathlin,Norval
7bfbaa46-a60d-46b7-a695-7bbb9830f4c4,Yule,Colbourne
c221faba-1f48-4995-9566-2525d6a89fe0,Ronald,Thowless
49bc4798-c9d1-4d01-adf4-fa7c73514bf3,Iris,Spinozzi
66dc02a8-6900-40c5-9006-800849c69733,Christie,Firmager
055bdcaf-0f86-4ade-89f3-bf10cbc5c4e3,Judi,McAuslene
387cc41c-5a5e-4eb3-8909-6d96b6092c85,Guglielma,Ferrar
35b645b6-0a38-49c8-9dd0-5e9d6965a787,Margette,Uttermare
a08da63a-adf8-4f6d-a823-9ca5806ba9d0,Kimmi,Batch
a2ac6cf1-43c1-442d-849d-ddbf09869215,Conni,Rupke
5928bdea-9a73-4822-a4d2-dd506c439c76,Tarah,Saltsberger
fe74deec-b9f7-4fd7-a497-794df1a92874,Rachel,Denyer
c4a8f53f-6e5c-4bfe-9198-856c36b811e4,Odo,Skillanders
a1aae952-619f-4d06-8fe1-25ba0c4de953,Katherina,Birdwistle
12527940-de73-4eb3-8d06-5cdf15aa2656,Emerson,Aves
864b0588-294e-4bbc-a489-873d210572f4,Yorker,Jankiewicz
45a83f21-8c23-4ee8-992e-81680ba24103,Kermie,Antos
e2dbbfdf-aad9-448f-a0e8-1014954cfb65,Norry,Tilberry
4c632f9e-5d52-490a-8f43-37db926f0492,Abbi,Gerrey
3b0b7f42-f15e-433c-8d50-dbab77b6bed4,Faber,Maude
cf06667b-a598-4733-99d4-6f0cf3a9f389,Donielle,Yo
546e2454-0eca-472a-ae54-2295adc23a89,Luis,Auckland
b59403e5-5ec1-4514-86fe-af8daa7b13bc,Max,Vasilik
39b14aa8-7ce8-407a-bdf0-6ab7596c55cc,Matthiew,Hargerie
9b92a7d0-dc2d-46ab-9e02-7854ad7c718a,Minerva,Reinger
1621df77-364f-436a-8dfb-5b8c6549fb0e,Star,Cregan
f336202d-dd6f-41e5-b594-ee74f93bc2d6,Sandy,Fedorski
149ade1b-1473-4538-a38f-f1d7eabbdae8,Saul,Grafton-Herbert
44ab5135-d0f5-4c42-a3e4-8d79c8744d07,Stevana,Pisco
0ae384e3-a697-446d-8704-24a45d9b3ad0,Washington,Loxston
57c89753-a24e-432f-a150-4687b101f2d4,Kermit,Thorby
b907e032-ef76-4c5b-aa96-843f47196ed2,Linoel,Dolman
b78489cf-8e69-4bd4-a8e7-e6908f40cda6,Elsey,Arundale
35a22c29-8fdb-4e12-9aca-24ee3849a342,Greer,Monckton
303aec71-722a-4e88-a591-0316ab38d821,Alessandra,Goddman
a523f704-deae-4bb4-8b2a-00fa446ac9a5,Ignaz,Middleweek
944e6685-403c-4ae1-aace-0a18c9f3b609,Odey,Mulvagh
1bd608ae-deab-4dec-97d4-a8fca7fd4f64,Thia,Jardin
63b1b685-d188-42dc-9919-43137b76c56e,Cathrine,Goodlife
a8b09b63-0b1f-4495-8566-b08256538f7a,Lucien,Playdon
4a1880f1-2671-4bcd-b68f-b20f468cedb9,Katee,McKellen
bd7dfbee-0f0f-4b01-b745-2fa4e0fe4ae2,Richie,Belderfield
1d74da58-4414-4d08-abc0-55fd75e60e9d,Felicity,Bugby
09841249-a6de-470e-ae27-de1c0c154723,Devondra,Dolbey
305d58fa-0e7b-4ba7-94e0-a3b57f87bc7f,Joelle,McCaskell
0b73f9c3-102d-44c3-b996-b8bb4a556812,Wynn,Farfalameev
78d42158-0ea9-4823-98c2-1c96fc989b15,Sella,Bartlomiejczyk
971063ee-d5c7-4a3d-bd6e-16f507f19618,Archy,Heak
0c91c360-2811-4b1f-80b1-1e609e24aa7f,Rich,Hugueville
3fd34def-32c8-4ec1-94b3-6c91f778bb96,Georgy,Dawson
443061d5-879e-4dbe-a7e4-0191b85d7570,Cleve,Fairnington
9870404f-8548-49ba-8221-6369aaf3c4f9,Albert,Kettow
7adf7f41-dd79-48a3-b99a-3d6d70791bae,Sergent,Doding
e8461e33-5d55-45f5-a369-54f68ba66124,Lucias,Staddart
9372d540-5f2a-452e-b50c-8595ac8c404e,Christabel,Croote
cb41b31e-3a0c-4ef4-8c24-9c8527d83f50,Marve,Blowfield
064ae592-42ee-4b3c-b7fd-085cc5efe160,Norrie,Zimmerman
cd11daa9-0f1c-4967-85f4-5b0ff0a2384e,Hervey,Sellars
943601a7-c853-43a8-9f68-e94d1839f2f0,Laryssa,Grandisson
be8cdb32-c400-4648-abf2-c6389b4a1dfb,Amanda,Thurley
13c7067b-4ae7-4c34-93e0-9b6302625eb9,Marnie,Darkin
514a1422-8f17-48d0-aa90-4b08885c212d,Minnaminnie,Duns
2fea08e9-d54d-4ce6-8725-017a933ec646,Andrus,Balazot
eb8a84e0-b43d-449c-86ec-97774fac85fb,Ritchie,Ewer
50921ab4-1776-47b6-a5fa-f35b02f19643,Reinald,Furlonge
cc1e651f-0bbc-4531-aac7-7f1a3d75a361,Luciana,Tanner
9acb9e6e-52d2-479a-b099-3f7dfe80e82a,Dulcine,Waeland
c2ba3514-3ab0-4b4d-9663-ab56bb9db923,Garv,Zannuto
86e797fb-cbbf-4736-a254-7e1ffd1de4f7,Ignacio,Larmett
93b34618-f8b7-452b-9f26-c4b65a86940d,Duffy,Lyosik
868fdd86-91f8-4de8-ab75-d848f64ba534,Spence,McCulloch
ca85723f-6919-4176-a39f-5f8779937359,Atalanta,Maffioni
6edc8dbe-821a-43a7-a8ca-74d52f713dd0,Marieann,Alders
7f4585a9-bc91-47ae-86f4-956172faf7f5,Winfred,Teliga
e5151dca-b2a5-4558-8518-52ffa2a6dc4c,Yolanthe,MacRinn
16f1e2d9-1075-4250-b9e6-bdaebf65d756,Myrna,Jacobs
25751b66-dc0e-45ef-9b52-30a34c37ef1b,Gilbert,Baudains
ff856496-8521-4c90-b0f2-12b120d397eb,Raphaela,Spawforth
601630ff-9b06-48a2-ab02-b65843999bbf,Inesita,Feye
d9eea1bf-4380-476f-8cfe-7b087d756c9c,Amitie,Meneely
0a461bbc-d7af-460d-b9df-2f10c2f0aaff,Bill,Batstone
a129e564-86b3-4add-85f0-b797842d9732,Gonzales,Hayth
1e7825ed-7588-4b36-8b8f-cff6232685cc,Polly,Swigger
5912dda1-b17b-4439-8846-a5c385c501ad,Pauline,Senner
8e83ba22-ee98-43d5-bca2-40175be1d9c4,Elset,Athelstan
9a1b5de0-2239-4256-8e6f-220d7b7aac93,Irma,Jordon
0e85207a-5d0b-444e-9c51-bb26de1cbb0f,Averill,Adderson
f4b9a8f9-8a1d-4013-ab08-c86a55bf3c3e,Travers,Worsall
b648c313-8331-4829-9027-c3ee99829404,Lyell,Winslade
59a01a91-a8d1-4ceb-8791-9adcfdd56b53,Siouxie,Flaubert
5755aaea-7b8b-499d-bea9-261eb1fce506,Brandais,Littrell
0876a5e4-5b76-4d59-a93c-eb3b457ebf4b,Sharline,Aleksandrev
5b5900ca-64a0-41a2-9833-71f2ba47a191,Zelma,Stinchcombe
0ba6bbdb-b205-4f0f-a5d3-de72c628f667,Flss,Spore
dde861ca-70d3-4d5b-baf2-e473a369d24f,Branden,Mordy
ff92364c-527c-4ef1-940c-fb2b9c58eb21,Lorelle,Blandamore
c3dcf60a-ed04-460a-984c-9f0c41858771,Dinah,Mollene
61f1268d-2919-4e4d-b97f-3df498f9dc4a,Emery,Gerrans
0930f35d-ec89-47e5-8e63-20845168e20a,Sigfried,Dorre
df5798a9-87fc-4a4c-9764-17f24808443a,Sisely,Ecles
21838d89-8670-4d9b-8fa9-9046c5f64ba1,Baxter,Jaggi
5b99f23a-a20a-46b0-b5bd-c070963d6045,Cristin,Dmiterko
e9003671-66a0-41dc-8e8f-3c5674fdd6d0,Cloe,Loan
5869e0cc-556e-429f-9f3e-5f23181fff1c,Rosetta,Fooks
a250d9c2-686c-4dbc-b4cf-51c8f0da9970,Domeniga,Rosin
d9d038fb-1753-4558-b995-553294815df0,Christean,McDaid
3e41bfcb-4aee-4e1c-bac6-11288a8a319e,Grier,Shanks
6a891abd-02e4-4f81-8bba-29886559ee27,Iver,Santen
fd887cce-feae-431b-b5ad-98f59b689aa4,Claresta,Lawling
17fa0a69-c247-488c-9025-a1f4724a016e,Ira,Witchell
50d23449-4cba-40a9-8314-b42af33861e4,Marketa,Eastwood
e7564198-4d61-4d45-b320-dbad9bc963eb,Danny,Penhaligon
1e788b5f-4db1-4928-bdae-762ae8f19409,Freeman,Arnault
10c976c7-3634-49bb-8d35-fac66e89e2cf,Amby,Facher
d1a2bf57-6c6f-486a-8a13-00d07723ae1b,Kathi,Hardware
7d6ecce4-9538-4aef-b4cb-b43fdc2e2994,Scotty,Andreia
df72f65c-beb2-4d25-9de4-cece673887d1,Athena,Giraths
2e7ddb0c-057d-4854-a04b-73d49b6b7d55,Minerva,Feathers
9a94bdba-2015-405e-a8d6-07adb29a9612,Othilia,Lurriman
619d9d23-1c1c-459c-b08f-1bd19df81dbc,Lulu,Doyland
d2d234d8-ef4c-46a7-acfc-e708d932da56,Dreddy,Sothern
edcfba3e-366a-424b-ae86-d547d4b4aa32,Merle,Farrington
67754008-221e-4b7d-83b0-ba5571e18ef8,Imogen,Marwood
51f8636d-bc30-4b90-a649-a9e8d47e8e64,Ivor,Snookes
70766ed0-296d-47ac-a8c9-00a251e2911f,Eugenio,Mackneis
7158f9ed-e8cc-4a11-ae7c-3283c818f817,Barbra,Brownsall
0a041ad0-6507-4c98-b868-e31a286e0395,Amara,Adrian
4b3b746c-e1d6-4ff0-9990-0a848cfd32de,Dewey,Gidman
8e890537-48c4-4f20-bb7d-cfcc4e92dd57,Piotr,Leggett
dc6c7e89-9725-4759-b578-f4561ac59b09,Madeleine,Fenlon
c965c5df-b9d6-45c2-b096-6ef4cb1f2f59,Alleyn,Stidever
b18b440a-c7e2-4ad1-b62d-cab7d7851acd,Dorri,Hurdidge
c04bbf36-1803-4f49-8815-363bdbefafef,Maren,Townson
a2be4ebc-1a49-4ed9-8724-8077b82627c7,Gordy,Lynskey
c905979e-c321-4e0f-ae28-db31a57254bc,Monica,Oakly
19f7a246-98e1-4a3c-bb3f-55d6d02b569d,Ritchie,Etter
4a76bd4b-5444-4d53-827a-0ab117785e95,Danny,Potes
aae6df9a-9a58-4f86-94ab-6b48e36bc7b7,Letty,Hardington
161a02ee-b5c2-49bd-a834-bd885e0741bf,Lynde,Walisiak
fd42f02f-e3e6-4001-ab06-f6ab7a9d83ee,Pris,Whitehorne
c29f15c3-f760-48ce-8727-679f80ed5f88,Had,Bishell
3e2cfc95-8fb2-4c2a-a1d9-8befe4f2e1d5,Aridatha,Gibbieson
b9532edf-9491-4e22-bef5-d9794f75e759,Kissie,Tremaine
680ecd17-a6df-4e38-9142-330f59353449,Carolyne,Ferraraccio
f103ab12-cb7f-452a-937a-e052748f6c85,Art,De Blasi
1258b1bb-c8ef-4c3f-85b8-8d8689e80f39,Larine,Zapatero
ab71b6ea-77d4-480c-9213-0138b4b0f5c5,Becka,Bagworth
0884bdfe-4f6d-47c0-83aa-c32d35717d42,Kareem,Duffer
ec8985d8-e2ef-4e10-b577-1df0eae035d5,Parke,McIlherran
780f76ec-8e97-40ca-a7d2-7d89242fc882,Kori,Melsome
9d1953b6-c67d-4ae6-ae69-3c598d7932a6,Fritz,Megahey
42062717-6d97-4282-acb2-3588f802ebb7,Reagan,Bonnick
22e45299-2211-4d71-a741-1d73093bc51c,Willabella,Raddish
7a5a06cc-acd8-4e85-ba43-c5a0bc81fde8,Corbin,Linay
dd8a9cb1-4b24-497f-b660-179bd4c3a4eb,Heidie,Daintry
c289c828-35b1-4e13-8d29-369e29c7cfbd,Pebrook,Harmes
4ccae314-35d8-4226-bdf1-06b6fef702e1,Portia,Padgett
e9cc0254-f410-4b46-b09a-5fd954f536d6,Shaine,Ceci
c557391a-1cda-49b4-b00d-72405569b99a,Valaree,Penwarden
4a0fe01d-ae1c-43f2-832b-b63be3ca346f,Nat,Bertot
d4fbbae8-038f-499d-ac0d-310d4925756d,Perry,Cristobal
c00c494a-f9ad-4312-ad41-21af8684867d,Ludovika,Glendzer
ae0fc97f-e8a8-4074-a9a1-c44d629c03ed,Ilysa,Brimmacombe
a528b679-2eb6-4492-92fb-b48b6c7f4e89,Francois,Beverley
804d6d14-4899-4f01-a57b-0210642e7af3,Cordie,Emby
9002d3f7-3b5b-480a-b8cb-79991cacd967,Whitney,Lampke
6dd393e9-f5bd-4f1c-bc29-4d37c0844f0e,Kailey,Mundle
b1931673-ccaf-49a8-98e0-f3230a18130d,Mar,Van Dijk
2d971037-ff04-48c3-ad9a-307cf1a658a3,Rhoda,Niland
fbb4f63d-bd10-413b-bacf-869e05245945,Maryrose,Mitchall
1d8a8840-3947-4cd1-81f8-946992bed703,Livy,Tweede
568dfcd5-3b3b-460c-888f-742136f9eeca,Robinet,Brakewell
e70e2246-52cf-4719-bfbb-fc3aa7807b8c,Harald,Dimmick
20df7404-19bf-45ec-9586-4cfed103291c,Arabele,Feighney
fa338616-1382-4222-92ab-1ff18f6e268b,Agnesse,Duckering
0f6d0257-2ea6-4d7e-9465-d4d0bccb72dd,Catherin,Coult
01032fb3-212f-4b92-86c1-18e3f645db02,Olvan,Andreev
4c64dba5-fda4-4ead-8c92-b512be9b5b74,Roslyn,Benne
b3baed18-ddef-4a2e-9e82-28ba959fa877,Kristofor,Dunkley
24ad1714-d976-4039-b873-6c5cba13cc1e,Ginny,Emor
be030d51-2009-4220-a3ec-a79a10369c5e,Thatch,Dabels
104594cc-222e-48b9-b363-c3dc1f179f4a,Marjy,Hunn
8f5b2d68-43d3-4206-97a1-df73ad68a8ff,Harriet,Franklyn
e6b1ac2a-65b8-45f9-a960-e53f89c54d21,Austen,Farherty
bfb54859-9b23-43a2-a126-521ad5870232,Shannon,Runacres
d2def51c-c61a-4a0c-99e2-6a661bb7c130,Barr,Alesin
435aafc9-add7-42b6-8c6d-38534772af67,Sawyer,Andree
8643b9bc-1953-426b-8d3e-878d5710c846,Sylvester,Bineham
cada7866-5396-4c38-bbdc-f845824c85a1,Loria,Voce
bcb15ff0-5c02-4a60-a341-24a6a9f8352a,Sibby,Syder
0d341dc4-957e-48fd-a3f3-633987956cff,Marty,Gages
83fa03b2-58ef-49bc-a09e-10d450d50875,Mart,Biswell
ee6adc5d-6ff3-4166-abdf-1e2cf228d46d,Harriet,Vautier
65ef68e5-dd0f-43d0-ac39-3d74c3e9670c,Davida,Leupold
9af09dc7-aedb-44ef-9914-77cc4d002b30,Cos,Jurgensen
4ae07e39-742b-4918-b125-f09efd6b37e1,Costa,Myers
7935aa28-ebef-4797-9aab-f082fbf98053,Avie,Tincknell
19cb05ed-5bd9-48ee-83c4-4e82520d76e2,Dexter,Seawright
24369a82-23f1-41b2-8b0c-eced5470000e,Boote,Roundtree
75a2be7e-67a6-43f1-aad2-a37874a24d2a,Shane,Belasco
57f1f5d3-c53b-4f9d-a25b-f77a0020f18e,Anna-maria,Whatley
19baba71-de9e-460b-a508-bb1421e86d79,Chandal,Selkirk
b569e780-37ad-4959-8c1a-97f54b89c656,Wolfgang,Golsby
ef8d8e90-ef26-4613-ab2d-4d1a6dd1f7f7,Anet,Lorenzini
6a137d91-919a-4daf-b11d-6155227177d7,Nicolis,Birchett
5458e27e-08ae-4524-9eee-e4ff2c21af07,Jeff,McKain
6ca239f0-8023-44e9-bd60-d5ab80cd784f,Corey,McCallam
ff2c6228-b34b-4e8c-a96c-ed7205ee89e5,Theodor,Pollett
da99c707-2d4a-455b-ad5e-fd2c2596f001,Angus,Divers
1b3517db-c04f-4299-9e09-da8642cdf90e,Taite,Dusey
766d0510-8c39-451d-aea9-bdf1d2b4c99a,Benjamen,Gomez
3ec8eccf-bfd0-44fe-8213-87e3adaec4f7,Theodore,Dunbar
2ea19ceb-f63d-4a80-9a29-23ff62a48017,Bill,Bonsey
36394372-5ae5-4270-b52d-704e63503482,Dorian,Klemps
6921e513-4ca8-4348-9ba8-c51bb4a80ede,Giles,Yesenin
05274b77-fca0-4e7c-a009-f2ffeedfc035,Dynah,Cowan
f36ebf40-e8af-42fa-95f6-91c63d3383c3,Bryant,Norrie
e6319228-311c-4eac-af37-90a036248558,Aurelia,Ong
06398d8f-3239-4826-b8d2-af7ab761fe4f,Travers,Minshaw
b553dd1d-c8ed-436f-9715-71ab058bb091,Rufe,Stockman
af5b7d65-b0c6-4d52-8fc9-6201c02708ca,Ardyce,Rozalski
c52d4da6-0eee-4b6e-b159-b098d6735b0c,Marcia,Bragge
20d7f3b0-b1f0-4889-a6a0-8452d0704094,Stuart,Mordie
c5a6ce21-5f91-4886-86d7-3b05a3f47fbe,Leyla,Bragginton
78c2797b-7dc9-45fe-af6b-051f646375b9,Kenneth,Rubens
27ac92c4-d867-4426-a1c1-0b94dca7bd79,Ginnie,Bellie
2ef2bcb4-d4b6-4b08-90d1-93efc36eb7e3,Darnall,O'Bradden
21d7d00f-c906-40d4-b096-0fb37907d8be,Nari,Farrah
48830203-3eb7-48ba-841e-e2e6f315bfab,Skell,Lightowlers
b1bae868-80aa-42fa-926e-056866b63d7a,Idell,Goulbourn
c7eb0415-08ba-4f60-a88f-1ee4995fe09c,Tobe,Petrillo
9d2e1e74-5430-4fec-8ce2-d4027f2e7edc,Alisha,Callaby
e2476769-f9da-497d-80d6-bb3a4c31384d,Phaedra,Myderscough
bf143102-bde1-466e-8e62-16a182daddf0,Tobye,Curtois
86ed9d09-2f4c-4d28-a80d-262bcb2c2c91,Emlynne,Finlayson
d336bbd5-457e-4696-b5c5-f141f8534674,Spenser,Russam
6b0f3e52-ae0e-49ae-bbe6-8b550e6bdfe4,Holly,Castagna
a882d723-ad49-4254-801e-9eda1993932a,Imelda,Porrett
6f76c0c6-b11c-4384-8d90-cda9025cb031,Nikoletta,Dyos
7c48ac56-b96c-439a-9b81-c60977341a46,Amye,Barstock
645c0c73-e82b-4155-81b9-526446554f34,Asia,O'Dunneen
61e3853a-bde6-4b09-9253-cd1a0d4e53f0,Yasmin,Steuart
f48a2fc4-685e-4ee4-9e90-fbf6886da660,Filmore,Hainey`
5296fff6-f3b0-4161-8b27-47677b3adc55,Ines,Swanston
d1a4acef-c299-4e5c-936f-5f5b64b72192,Celeste,Maffulli
d9129f83-41e5-4b75-99a3-e40f18caef22,Michaelina,Pelchat
23fd0e61-4688-4e68-a419-47d6b7c62af4,Eba,Vondrach
753a4755-38ae-44d7-960c-48a63729e052,Tate,Hrachovec
544a8f82-e0de-4eaa-8e23-f3c9392f0f82,Kinsley,Tipper
e5082c6a-d090-4cfb-b353-41e39855d366,Laurie,Hudleston
22389ab0-4eca-4c9b-82e9-25f98f47f040,Norine,Rodolphe
ef20b15e-be74-4591-a9ca-7fb19f5f7dcb,Elden,Yakunikov
6f9ae7d2-efd0-4e4a-8ba9-538eca7756fb,Patten,Assiter
f73643f3-b68e-47cb-a0a8-3285e5eab935,Nicky,Cristofori
a7e1c23e-35d7-47c7-9b50-530db52dcc44,Garret,Jore
9a29eb02-88ba-474f-a356-8d7c52a162ff,Theo,Dorre
03329c0b-87f8-41f3-80de-ccc902c177bc,Barthel,Eim
e33301c1-2a15-42d9-9e20-2f485a25f1a3,Romola,Switsur
09fb31cb-e5e7-4fb2-8510-38c2bdd38e67,Sibley,Ring
72e7d8c6-1d34-4ed6-8990-873f3873797b,Cammi,Olenin
ec47adb6-b005-4ba5-8a70-d349b5d5f295,Barnabe,Sadry
5f580328-37b8-427e-968e-884b459a4f3b,Nixie,Argabrite
ded76493-0640-4991-af4a-650fd3728e93,Cordy,Gwilliam
e3956ba5-e8d7-47f5-8693-0cb1bb5d9acb,Fayina,De Gregario
37996f97-6554-434b-9477-24134e660c16,Mil,McDirmid
30f11848-d82f-49a6-a802-2b6f6e35c671,Ignacius,Pieracci
b255be03-aa15-43ce-8f03-11986da85dca,Klarrisa,Pyrton
f8a501f0-b0e4-4747-97d8-fb153d95a07d,Huntlee,O'Doherty
d552a67b-1b3c-4549-b9b1-3c905fdd993d,Emmerich,Woolham
ef73126f-e63b-4c77-9dba-7a18c7c1959d,Tiffany,Eleshenar
4ca3a644-b617-4209-924c-b1459a88a64f,Bertram,Standall
2a944224-be18-41a7-9bb1-1d5707ddc081,Ardath,Cutcliffe
05f5efef-b48c-41ef-a91d-14f1ba63a97c,Maddalena,Badwick
008b9365-c4ae-4aae-8bdf-48ff31071b58,Shem,Walpole
e2a4fb37-e032-42ce-bb08-46b28a2ceee1,Field,Lewer
5f65801e-b9ba-4d6b-901e-1967fcc418d5,Germain,Drayn
9d022dab-8b22-4994-9a91-98ce68aa5649,Cassie,Scrowby
0c3c358a-9319-4ed4-a7da-036adaac7c07,Janey,Whyteman
869a5afa-22ff-446e-914e-ff21c7fdf5bf,Michale,Tubby
1e118007-5d3d-45a2-8ea0-9d2adf60981d,Weston,Molian
50d9004b-8dcc-4bdf-b969-f968be1251f5,Adela,Rowett
de8d6843-aefd-4f8b-9e26-0079319ec474,Armin,Galea
977456ea-b133-4d07-8fcf-ff310c675dc8,Jolynn,Keays
fd55a493-9fcb-45ed-b922-29a3c6c668c1,Paulina,Terbruggen
ca4e8f8e-da31-4d1b-a6e9-30a193cb5018,Britt,Rozenbaum
77d452a3-3e90-4ffb-859b-45d889b93157,Lynde,Stocken
bef4c66c-cfb4-41d2-8999-bf20ee1b772d,Daphene,McCloud
f755b0bd-fe21-47c5-a2b8-31339fb4cef1,Clevey,Helkin
b1f86779-1b48-4075-bf56-52b10df0e13c,Anneliese,Rosedale
feb933ae-43c5-4100-a8a8-ceb732eec3e3,Lucien,Preto
bb800f14-6118-4c49-a2d4-9a0b87bd11e1,Anstice,Rudwell
d5cbb873-f585-491e-b20e-28abff89e32b,Gilberto,Lindfors
277b4c52-50b9-41e9-a4bb-094ac51d279f,Juan,Bonellie
1ca5c99b-f7f9-4234-b6fb-12a1107ff106,Margaretha,Peatman
c5f50356-db94-4264-ae44-db38e97eb3be,Xena,Farleigh
28a52894-86c8-42e5-bdc0-0b4a5703c503,Aubrette,Pinnocke
e13658ed-a3e5-4e72-b6fe-31bdfd5388df,Thorsten,Dobney
ab0b9fb4-7f2b-4c51-997e-135cc1a1942a,Adolphus,Jendrich
945069c2-bd1f-4849-be3a-f89e671a979f,Octavius,Crichmer
1fb4a507-520c-4aba-a4a7-fe3df11f7a9b,Fernandina,Godilington
51467412-d9bd-4039-a486-5a16a8c12005,Alphonse,Harrison
30696075-b9e4-4618-9d2c-0607cb550296,Justinn,Waterfield
830db8f2-9b6d-424f-a40a-912c50f8fac8,Randolph,McCarlie
e5503694-ca53-47fc-83e1-978311770571,Ferdinand,Panchin
62be4ced-d41e-4b6d-b33d-ef41c50828ed,Imogene,Ettles
4e6a8b77-68e0-44ef-b495-24f12e198d9b,Minor,Lambert-Ciorwyn
ecfc3174-1541-4923-b7dc-d7bff16431c3,Leta,Perazzo
5ec6b907-db71-41be-b72e-8412019ff94c,Eward,Eaglestone
ecf5a1d6-7b7b-41d2-8e4a-b3e9de396601,Sheryl,Nutting
abcd3051-36ac-4334-99b7-fbd706c65a4a,Blondie,Jullian
b847ec15-9fe0-4a23-a284-380b1645943f,Wynny,Abelov
38295c63-bbb2-48e6-9f45-39d734218f61,Cobby,Scholz
9fc8819a-c256-4274-a02c-6dcf62d79492,Easter,Stanesby
5b627270-b501-47cd-986b-efcbca41ff7f,Hubey,Novak
39905201-477a-4f70-89ba-9c0a96c48e71,Eustacia,Simpkiss
02d196b2-464b-4a5e-93f2-8ec5bd24355d,Odelia,Ridder
8eeff87f-6bbb-428d-85fc-12a8ee49436d,Rosita,Ponnsett
76b4e843-6c4b-4e76-a8dd-e8a542d90061,Warren,Kear
b0e4e7e5-0983-4c97-98b2-c3ac4e283a80,Corabel,Spohr
d25ec6be-746b-4a54-bbd8-3092b77d3c14,Shirley,Marriot
249c9831-8be8-4ccb-80d2-d696681cdf40,Duff,Fearon
11c6a1d9-6e76-4b71-b558-9fc879e8a241,Bren,Frankish
7ce3be4a-6f69-45b1-8e3e-c6faaf8a705e,Karoly,Abramzon
5b15fd04-4308-4042-9320-4213b2fc404b,Jacques,Deabill
fe4f5b55-a40d-40e0-94e8-b3d076fd43ef,Orly,Keling
5a4896aa-5b11-4110-98ef-12b49e98b340,Currie,Martini
9bf48345-617d-4062-8eca-9fb6c706a375,Kitty,Brookwell
be04bf50-02c2-41c4-88c2-06f5f2f1717c,Codi,Keizman
637c770d-0ab2-425a-b68b-8c82f38a67a8,Knox,Solloway
12cf4264-2de1-403e-afd4-acb7e5f2fc7f,Cortie,Aisman
adda4c1e-eea4-4b22-9948-cc0f25f837bc,Henri,Brookbank
a703468a-e1df-49c8-bf14-8b0f0caf1edf,Melody,Spinola
666c0f1f-dee0-4dc1-b3d5-82c84a1cac8f,Faustine,Tripney
b1f40a8f-9bf1-47cb-909c-458248b35d6b,Jenn,Cecere
9039ba0a-dbb2-48c8-9ef2-a6e6fd29b24e,Buck,Sarll
0439baad-be49-42ba-8a04-d38967fd22b7,Evelin,Nowill
7523487d-7f33-4656-a399-e995c8e7eedf,Mildred,Meany
9f1d63f8-b724-4842-87c2-69f3f7f50fa8,Gail,Beyne
24e3aea2-ffc9-40a5-91f7-f8359de4b490,Tamar,Cleynman
82c2202c-87a6-4a8a-ba01-748890fb3d23,Myranda,Oxbe
f742c826-bd76-4862-babf-8f86d68d0a52,Jessalin,Harbidge
5b89e4fe-fe72-4b7d-a55c-ac5dc931e8d7,Sissie,Daley
350f6661-d493-41aa-b1a8-a38053c776a2,Ivonne,Kenney
a5068092-489a-4dc8-8c11-4fd0a1f7cd7a,Ario,Traice
dc889b19-4372-4c46-9e9a-b9b5a458b199,Heddie,Mosen
e1c6172a-17b1-43ba-9443-5292c65d577a,Jolyn,Parsonage
155c5008-c777-4e07-ad9b-ab892dd5cd35,Claudie,Seilmann
cbfc0542-2064-4fde-9a4e-177756ca49f3,Kingston,Alden
d9fe0134-06fd-479e-b147-763ec1a557cc,Mike,Baxendale
e0eb36f9-4119-40ee-a8a6-67006d4fc3f6,Vergil,Henzer
4b14d33c-a2a7-4f4e-921b-90afed669c53,Elmer,Oakman
a3c51647-69ab-4314-8af3-a70e3f32dd54,Chicky,Tomasian
4310266b-35e9-452d-95a7-4c2445aee46f,Druci,Danbye
0ed6aacc-93f9-4c74-bed6-3ed5af6b8ab1,Dot,Norquay
cb609eee-d051-4205-a2ec-37873a212ee6,Albie,Oxe
f77f3fff-3234-446e-8f1c-27e1c21c9dfb,Kristi,Randle
c43d1e13-a73b-40a9-acd8-155c14a61389,Francklyn,Rugiero
ca8bca08-af65-4fb2-a1dc-cecef1ba7aae,Mina,Szimon
e0d10c5e-ea05-46ff-8f5d-8a0d77048c58,Devy,Girardin
856a77d6-cb36-4f2d-ac5a-a2893e46af35,Dane,Gillanders
71a8597d-3896-4191-9a11-b59ce37d728a,Carolin,Hector
40301106-3ab4-4618-803e-b65738d2fb27,Wilmette,Golborne
3bff69b7-1d30-4ced-95dc-ce078719528d,Tracey,Iddison
1fc1ffae-9ca7-41d8-b4d6-b6375afb4afc,Emlynn,Varran
d21c9d6d-9138-40cc-bc5b-a2a086158fc8,Ruthann,Royl
0688ad61-cc10-47be-b2e1-b068bc1a7dc4,Sammy,Szymczyk
fc42c7b4-34ba-4817-9da1-5e4eefb39163,Randall,Maddocks
91cc6382-a2c8-4eba-aee8-e2d16cb7f900,Rancell,Curdell
7319eb24-1801-4688-8fd3-903d7edcc58d,Flemming,O' Sullivan
180ae6a1-d18f-472b-adb4-ec8192f5c5f4,Bord,Thoumas
90f255e2-d177-45b2-842e-fb5975d68d78,Vernor,Jeschner
c144b38d-d7f3-4172-80f6-c9bd361bc693,Erik,Cluet
95277602-f5f2-45d1-aea2-b2d75ea282a3,Dolley,Poxton
f0befe87-3b68-49cb-b14e-fc41d86a455e,Luisa,Diable
5172eed2-18d8-4fb6-acdf-541a5ae13fb3,Zitella,Leabeater
547153bd-6001-476f-9cd1-400a3e14cd52,Thain,Durdy
911f48ee-a977-4abb-83ef-0b156f9675cd,Stewart,Cliffe
c7d96a3f-2056-490a-850a-61966c35d581,Evangeline,Tow
e8e0650f-8f49-4ea7-96f0-e00d36c821fc,Valery,Hause
9a6e4b15-daab-424a-aef1-02eb94136919,Arney,Furber
e010e21b-ed7e-42f1-9e9f-bd300b38f7e6,Doti,Peaseman
8ced8323-dd7c-4f02-b2a1-6287b3c70f30,Duane,Servis
9093ee23-5d9f-48ad-ba12-2f2179a90a9e,Dewain,Punyer
2b0413ac-b734-4458-8d78-3aa2b5ef3300,Marilyn,Cato
62997886-c8ec-446a-b287-091493814079,Delmor,Elstone
416cce9d-af88-4122-bb86-2784d64162f5,Eli,Fishlee
ad0310ca-a23f-4c02-9032-a3e9b8e363d8,Yule,Dogerty
15388138-c48e-4ec8-9c8b-e01e3c47c81a,Cayla,Jencey
688f6bea-8b6f-46f0-89e1-eba6abab1626,Carlota,Barz
0ae51a61-c9e0-4d42-991b-2998a9475885,Boycie,Bernot
8462699e-f8ad-449c-885b-f65ed1fecd1e,Tedmund,Grossier
a469052e-9658-4e3a-b276-ec5be7f9a282,Shelbi,McCall
dffd65eb-e007-4bcb-8029-7720c95cb07f,Toby,Gheraldi
4ffcab5a-34a5-4aed-87c4-ef7e8d812062,Leelah,Giberd
fc787095-c290-4bf5-940a-f2b95ea502c6,Cal,Hymers
a9eb2da1-552f-4e20-a930-d8924b9ffb52,Sibelle,Laver
71f0b53d-7f11-4ccd-b0ae-516d61a91d8d,Gannon,Rowaszkiewicz
8377a7ab-1d34-49f3-8b0f-daad736783c4,Ardelia,Montier
4ab50afd-9525-407b-b3fd-242918592a98,Chico,Pavinese
73dec638-1248-4177-b9d5-2fe6a16e5649,Cassie,Ashbey
0cae5789-8a0d-40c8-9aca-00c0612154e6,Lindie,Roughsedge
1f6a442a-138a-4a4b-a5e7-aaec5ad90769,Stanislas,Billingham
702bb66d-2d74-489a-99ef-89aa9ad5b9be,Tomaso,Farrans
d4f32640-c1e9-4d5d-b2a2-ba16b2ba01b7,Dorise,Kilday
96b0e912-161b-45ba-b128-b13c8d87c259,Alvinia,Pyett
adff2556-ba28-4cf7-af70-3f4f9724467d,Towny,Olyfant
2ba46782-6774-4c00-86b3-ed9449f570ea,Tiebout,Gillett
1fc36f0d-e7a7-44ea-8f87-fa15f14b0fea,Lammond,Adds
ab5bd9cf-2af3-4bd1-b9a2-5728d431ff4e,Tildie,Bohea
b7b2a1f0-590e-4bf7-8ae1-8ef696217165,Laney,Hugh
5e44801d-06d8-4677-b494-40d5bc4b489b,Garnet,Whorlow
040d329e-1a36-43de-af1a-104b517a569b,Ariella,Colls
67df60df-b0e5-440b-8e09-8a32dbbe57f5,Gib,Kemmer
0ff6f7f2-ec57-419d-abd0-8a41649bfae0,Darsey,Fusco
531ae1d0-3ef4-4501-8035-8de9a718f63b,Munroe,Askell
d245f676-ad2a-4c92-898a-1f1bdc657b2b,Baxy,Boarder
87255c37-dfa4-42fb-b078-ab9bafb3f8f4,Chloris,Eade
a6f7542d-5e2a-49a8-a126-d758d45e498e,Jonie,Ofield
528319a4-3ac4-4387-93b0-fd555df500e6,Hermione,Whaplington
be12eda1-93ed-4570-8a22-5b58d5415c1b,Kippy,Galbraith
59210929-ff16-4c97-9fc8-5663e2598108,Rivy,Shitliff
66cfbfeb-2a04-48d9-b49d-a496d8c5978c,Rebbecca,Lages
bc823f43-8f6b-413f-88da-7b0295582d94,Dicky,Elgee
70074fbb-a157-4608-ad99-56eaecf25ff1,Sigfried,Peascod
0806a9ce-7e85-4cd0-8d24-cdd90192815a,Estrella,Tinton
f648b610-dbae-4494-8aae-168ef482abfa,Gertrude,Trehearn
ca21a34c-55c2-43d6-a7a2-c139f95cd5bc,Kitti,Burger
ffeccf51-c7ed-4e42-8948-24b73808498a,Friederike,Jeannet
5616d7d8-8a8a-48bf-b8ca-af475a265878,Charyl,Habbes
f1485175-c976-41e0-a4b5-904e8ca84b57,Andros,Godard
fd678feb-2306-4d0e-9800-7aaca7014d35,Bobbette,Franchi
1376df36-d98a-4010-9bd2-ed25821a501e,Vannie,Newens
70a582e2-08a5-4c72-bd59-787b1aa7331c,Otto,Trever
978ae155-5f37-4289-99c5-f64298403cc3,Arley,Wytchard
6e7e0981-90eb-48c7-854d-4f2d4929534b,Kora,Rowena
6d281587-d554-4e02-a656-99bf5fc21528,Annalee,Weinmann
caf76a45-bd69-4317-b47d-83091609cf72,Wes,McQuirk
8b1caed2-a242-4ed0-91d3-085c5f4a9555,Vittorio,Janusik
2d36d369-3493-4f90-9c2e-c34cf5c9065e,Raye,Arnauduc
02b5dc63-facb-46c2-9d13-b4ad1c00a151,Clementia,Nehls
cecfb650-e05a-49d2-989b-c3ca5d13912a,Jessey,Nussey
b6378b7c-acd6-4854-8a92-33a359d55b7f,Layton,Caddell
11654105-d8bb-46a2-b6de-00a7900ad3f0,Ethan,Featherstonehaugh
9a880e3a-2a37-454e-bf33-b7bc10fcd0f7,Dona,Pesticcio
4e918620-ff6c-4f67-99de-fe8006099d06,Thorndike,Bussens
4d36267c-0610-495f-b577-207df829738c,Lindy,Woodyear
779c31c0-2de6-4697-b4c5-38e8ae9f78e2,Giselle,Lippi
b7efd636-e5c7-46f8-b154-ba2f0dcd1f60,Leigh,Deans
b3462af9-4e93-4ca2-a524-ec8d6a343c24,Corette,Taill
6dedc9d3-559a-4e89-b9ad-c3fa3a9a11ba,Osborne,Bealing
d61621cf-907e-4727-80b1-b14a22b55338,Wit,Glazier
da33bc73-31a9-48e5-b77e-45b1e842b1bc,Farr,Fydoe
b4e65a8f-7503-4eb7-bb0b-669b3c608f4b,Tremaine,Louedey
0f9fdd89-5460-488a-941c-5a7a5d6facd3,Gisele,Planque
ea79d0c1-7544-4316-9fbb-a4f61db0a843,Maddie,Piatek
e99c1bcd-e982-42f0-8bbb-5b81d2dfb948,Keelia,Coger
9498fd15-7763-4f50-b46e-d9bf56d7df01,Katy,Tolmie
758b2fc3-09a2-473a-af03-3891ae3e895d,Johannes,Aird
4e2e748a-9b82-4efc-b5f4-8a15f65493fe,Margareta,Toseland
985ab0f7-622b-4350-9660-63174d4341b2,Elisha,Jiranek
0b019bc2-a7b3-44ae-a687-e45d7a8d2f4f,Gard,Sorbie
20356ada-3c60-4e57-8a2f-39bd4477ada8,Alistair,McNabb
d822068a-08e0-460b-a0ee-6f07b369bd68,Sukey,Tranmer
0dfcbac3-a77c-4467-a2cf-00fb8f6220a2,Alexandros,Kinneally
bfdc12ef-916d-4e42-b728-ff8113d9336f,Vinson,Fulham
a50f743c-dff2-4d03-8cca-5ee2330eadf0,Gertruda,Painter
7fc83489-4040-461c-b1ac-21425ecb6a61,Allie,Matevosian
b10cca88-59b6-4a7c-ae70-a3fcbfcb5c15,Faina,Hargie
6bd4010a-b425-462c-99a5-1c583481a8d4,Bale,Cawthorne
004d5c8e-61a0-4bc1-9c4f-1da2696427d0,Salim,Sima
2d039317-5c22-47a2-a825-b377fbad6475,Halimeda,Rivilis
d560a3a4-7861-4e90-94c0-ee2fe3ef1cb0,Zoe,Naulls
53c9cb9c-eed9-4e86-a745-7b854e32da0b,Auguste,Treadger
cdb29ad6-9cd7-407b-bf6f-c6ec3e549633,Tawnya,Hagland
7665aec2-f31e-4a38-ad4c-d0ac0e269c40,Maison,Senn
8cd0ed2d-7408-4a37-afbe-be7234bd4be7,Dina,Lackmann
f1cd0c80-9be5-47e7-bd9f-4a86e1e29334,Gwenny,Squibe
e0dcb4d9-7977-48ce-bc4f-b88919140a9f,Gothart,Posnette
c366fcdb-85fa-491a-b8b7-16494a3db676,Ezmeralda,Berthe
d45db1c5-8501-4b50-9d94-ef990ee9e49d,Sarine,Franzman
4a2dc6d6-314f-4e76-83c1-b8ff309f64e4,Tammie,Atthow
78fd8c4f-16ca-418b-ab02-dd08492c0316,Ermengarde,Newing
eed5142d-dbc0-4fa9-9692-769272cfe9fe,Baryram,Inkles
a1d15ce2-25c2-4fa0-aee4-1b5ddd871382,Curr,Huc
d3d08baa-2d5c-4a85-bae4-5625730025b0,Steffi,Slite
88dee23d-783c-44d3-a7d4-012b86d8da2d,Shelba,Wombwell
03490bd4-b7a7-49ad-b272-aaca471797ac,Freemon,Bethune
5cd739f7-671c-4d1d-b516-f2143d7c857f,Karlee,Di Bernardo
4069882a-b793-4508-b057-16bdcd741194,Ansel,Locarno
a2fa663f-3ce5-43f5-bd09-cb71aef033ca,Melantha,Behrens
81ad9c86-6f59-47f1-9efd-06382a63cac0,Stormi,Iredell
373b6ace-adb2-4c5e-819f-8fbc95233d3d,Webb,Cardenoza
d5459268-508f-4479-af54-21df24ec22d6,Nell,Baggarley
4358f58a-5198-47f4-8adb-c22561f96847,Scott,Cutchey
4fa7b352-8533-43f1-9516-17c7896fa8dc,Berna,Copello
bed3904a-d42c-4a36-8de8-f4fec1b14076,Rochester,Oxterby
a4a07d52-67b1-4e48-ada0-529a91a92ebb,Padriac,Pablo
34903cd3-330f-44e0-9e14-9b391f9a2af8,Merrill,Frill
ec777c3b-9fd2-4da5-99a2-ff7272dbd119,Anneliese,Chrystal
e7dd91cc-01ed-49d9-a9a4-146f7e122e55,Aharon,Vivians
f223f433-c90c-4866-822e-5b198cbff820,Jillane,Lamerton
96b96f0a-dac2-4e16-9442-9605903de824,Raoul,Winfindine
e928049f-d424-4415-afcc-65fa0cfc3821,Ezechiel,Nichols
0cf03824-11f6-4f14-a0ed-e772fad2cddb,Virginie,Godsmark
526d0adf-760a-4829-b197-0852856d3335,Fernandina,Prescott
ab4b0201-f3c3-44bc-8f07-562c705b9d5a,Ashby,Cridlin
3e0df39f-fe7e-4753-967a-9750842d2147,Lovell,Froment
2edc4c39-5e9b-4471-a964-94ffd7bf031e,Natalina,Wigley
5f60e593-40ef-4892-b322-66261f4ec5b6,Vittorio,Cutridge
67f1a8d1-5da8-4d53-8464-eed689ddd6c7,Doll,Spino
cb84cb74-93fe-4666-b8ce-1260f3770f84,Terrance,Bulle
1774c108-20e8-46d7-9734-e9f8fd88b678,Padget,Blakiston
b1c81d4f-230b-470e-a261-431e8b0c2114,Sonya,Legging
3674dfa5-84b8-4d30-8f35-fdd2fce71c38,Ema,Sexty
828d23b8-56f5-47b8-be9e-8debffe7ccfc,Mandy,Rattray
b4e02296-129d-487e-974f-085b8d000e1c,Cherlyn,Glowacz
efbe2232-2c77-4dce-8666-2832151c5046,Stanislaw,Maseyk
db77dd95-4177-4f38-9515-9b616b1a1800,Loralie,Ludye
9c7d45f2-1e82-4511-be51-a3150439c970,Brenn,O'Connell
09250478-d400-4b20-9f5c-d390e13c61eb,Emmerich,Epperson
a9996d3b-7ccf-412c-b63e-63567ba043c6,Caz,Jermyn
5d3e2735-4736-4d04-8d9c-e2d84a7b4e35,Allys,Humberstone
d80c7a3a-d388-4e6d-9698-8c4dd11e497d,Des,Palk
d083bdda-71e1-40ac-803d-6815264f25b0,Ali,Brocket
b8f5ca74-23ae-440d-a698-c62a963ed336,Gran,McKinie
e4553380-2ace-4d1d-877b-8b06f637158a,Milena,Brack
5389f9d6-40b2-430b-a8c9-83128838a05d,Billi,Dewdeny
d9f5a640-98f3-4c9a-b0fa-8cf6ff38fc31,Corliss,Neylan
faaa1140-6d3e-459b-be55-0899810fa0f0,Flin,Merrison
a72b64d8-7d73-4c2f-8ff8-85c38f2c7996,Andreana,Gouldstraw
6575ddfb-6672-40c9-8361-4e1513522636,Kari,Stangroom
64930f22-a03a-43d2-aae8-81105cf5cefe,Averil,Sprulls
21b8cc83-d2fb-4f99-a938-506eee39ff28,Ambur,Chattoe
0a36acb9-21d5-49f0-9b73-8fea7eba35b8,Tucky,Jouanny
4f5300d9-26ab-40df-8188-405ac5e72d02,Napoleon,Haward
4ccb92c5-4baa-4ad6-a0ce-a8369a7afe97,Caro,Hartzogs
14c91dc3-eb48-49a7-9d62-0167ea4d3bab,Collie,Marwick
5141cdc0-6177-4df4-9e0c-f0532853bc5d,Olenolin,Casero
30e1cdab-60fe-4f40-93ad-edee28e6e27b,Salim,Ballinger
21a8af62-1d91-4ad3-b90b-647cbdeb2fcd,Federico,Gally
8436ec15-badf-4592-885d-32e556d05824,Gifford,Gobell
65a53dba-db4d-4cbf-a2bc-3b5b81288979,Conrade,Chimenti
0ec7a32f-b963-4097-b195-689f9378defb,Lon,Crippes
80de271c-7994-41a8-9645-a12231bc9a03,Bess,Van der Mark
cc2b36db-ff20-4c21-b419-9c66785d8786,Dev,Tuminelli
0ad4b06b-aa6a-49c2-8a85-0f0e51671238,Jerrie,Kasperski
8aafbc90-e19c-485d-9b63-f18607d51f63,Jerry,Galbraith
8566789e-37e1-47c4-af7b-6eb513f96e16,Dinah,Winkworth
5730a6dd-afe0-4c62-8157-f6bfcb478325,Guenna,Mahood
ce5f7e2a-1ddf-47fb-9991-3c0e4df338d3,Steward,Murkin
8672599c-07e9-4ee0-b204-e2bd4dc5d759,Devland,Mallinar
d6d0f108-7438-4c2f-bdf8-7b804835815b,Elwira,Philbrick
e955791a-10b7-4586-8174-1b7cb03b3fb2,Dame,Balke
d9a21d4c-71e2-4940-a3cc-bd072a277312,Alaric,Duinbleton
1f3a123a-1e5c-4499-9480-357a3e3ebd4a,Myrtie,Dales
852852c3-06c3-43a4-afde-213cf2a15927,Rupert,Pirdue
d4e40dee-eaec-470f-957f-c5e4762b3b1f,Jillian,Northage
ee101520-f6bb-4619-bec2-1114dd6e2c68,Alexa,Pala
097bd6d7-8957-47ff-be4d-e18ba5be5884,Shellysheldon,Lockley
d43e38cd-adeb-41dd-b277-242f9e3aa6e9,Kristan,Menzies
ad0342a2-0483-4458-9e65-95b5a81e6d05,Welch,Deplacido
7c0a9cfd-06fd-4068-8de0-c8cdd17dcbf3,Otis,Woodard
3138ef64-0d6a-48ee-be2d-0039fc1ca655,Payton,Johl
3e67f653-0bf7-4057-b47b-abadb46c9658,Leisha,Forcade
a8361d4e-d240-4845-86c6-f70b219a569b,Alysa,Andreasen
644211bb-75cc-489a-a9c7-2ce0c74f5b48,Salmon,Rickman
46f5d1e1-3786-49e0-bb1b-986d4e5aa128,Rosy,Mazey
bcc717be-85dd-4d05-836b-40b75e97e0db,Gisele,Matson
dafa26a9-b672-4287-9d3e-488a419b4d4d,Yevette,De Ruel
451f99d8-cbf9-4e85-aa0a-0cc85b8035dc,Elsa,Casone
ee30aca8-15c2-4059-83ba-f16ad79b4361,Charlot,Clericoates
16d1981b-a3a9-48ad-965e-22c9a00548f2,Bibi,Tadd
f34eadce-ad2d-4349-92b0-f76b1b911b56,Stanley,Dering
2a7e8457-2be7-443a-a094-a58cc4c2aa6f,Kaia,Ashard
e3172d2e-b4fe-4a39-8ca8-6c01e44deeb9,Ryann,Berry
680253f8-1c24-41a8-94e4-a922e05886b6,Neala,Rudloff
ba0da546-414f-41e0-b3f1-62e6595be816,Rhodie,Heskey
a42ec3cf-e463-4a30-b848-172fe78426f3,Ahmed,Buxsey
423fc0dd-d4b9-4122-a03b-fa6d3b01fd3b,Malissa,M'Barron
5281e7e2-0407-4872-9c37-af93c8abfb63,Corri,Clougher
0062dc05-c363-4071-8382-d37b543d1d86,Aloysia,Jansens
0a30f767-1768-458d-ae17-25f91aa7d634,Jody,Probetts
ad29c084-870f-487c-984f-36e0231eca18,Kristel,Farnin
22f00940-eb2d-4ac1-bb86-77834b10038b,Rosalie,Fish
5d1016ff-b9af-4b17-ae10-2387e5bf04d9,Knox,Pickton
f0dea482-534a-4f97-97da-fb6caeaf8762,Cinnamon,Fawcett
701b614d-a6c4-4196-9fee-0c2918155af7,Tabbie,Chaperling
c9f548db-4680-40c4-a31f-ba5b5c8ee931,Burch,Dashper
d12d90d4-15d0-4bcd-9639-ee35ad7fcf13,Ingar,Poile
82db26d5-01cb-4af3-80cc-b1bf9d3fd9a3,Malissa,Pallent
69cb6968-8fde-4a1f-846f-9dfe7987ca2a,Martina,Surmon
b83d8099-623e-4357-a2c1-5ddb7fb98344,Gerrilee,Turk
30d38c77-e3c8-4d00-813f-fd9c604ddbab,Breanne,Luckhurst
b6034eb5-b6dd-4ab4-8b09-8d3f7138ed14,Darb,Beynke
e9cbdd4c-0aa5-4e43-a908-145252935e3d,El,Grzelczak
291ece3a-1cb2-4924-8f29-5a913f007b1a,Felix,Bedham
213c04d5-dc6e-41c0-8fef-a11d027298fe,Abigail,Matschek
cdf074e4-44a0-4c95-b8d7-ff46a7eb8436,Lucien,Faulks
54eb3441-7866-43e4-9b55-c6d6043d5195,Chastity,Kain
d12d9334-c205-432f-a12e-003350b2e750,Alisa,Rockell
212ab725-bd2c-472f-a418-88856d92b3c8,Cymbre,Ebbings
ec1689ad-eaa6-4f8c-a8b4-53a97469794f,Morrie,Tew
d29f6fda-6d40-418e-b574-98e65120642e,Quintilla,Wapol
217017c5-f50d-4d08-9fbf-56284fe9687f,Alonso,Currao
9604cbdc-a384-40be-81f7-476ca0d9e6c8,Katti,Wondraschek
02a6b6d6-5786-45a1-a9c1-3fcc36505014,Dorita,Spondley
8c7e4fa1-702e-4a4c-9004-b0b2f13348e2,Garold,Sarra
2d36e2a2-e679-4a53-91f1-8cc5613d14a8,Johnna,Dewicke
29b9dea0-d3e3-426a-9c3d-e3469a0eb37e,Dorian,Coneybeare
449fbb39-2e05-41f7-9d15-24ab0c8327c9,Ermentrude,Touzey
b20a04f4-29e3-466f-9444-476dceff3fa9,Carlin,Pirnie
4f4db61f-798f-4de5-a354-8b2d91788ee5,Alyda,Lynnitt
f291deac-1627-4a09-9567-8f17205d32ec,Harwilll,Fernanando
a2db9659-2f18-477c-a0ef-d3c9d1b48a89,Merlina,Jovey
40abb72d-0289-44b5-92cb-687d03e1dd38,Justis,Lound
20b57e81-2e7d-4f88-a6e3-4ee9ba768ab1,Dehlia,Lowey
867ffcdf-687c-4ed0-ad62-5e7d687d5e88,Myrtle,Temblett
905fa727-8348-41d1-93f3-ceef74bf268a,Frans,Giraudoux
5f5af705-7e67-4e3f-811a-10229f52cb16,Ardelis,Scroyton
a8b56ec3-65e7-4178-b7ee-efc374abb80b,Caitlin,McIntosh
7e4dafc9-9466-4ce7-b435-0b54b4ba873a,Tomaso,Harston
b4eea8a2-3237-4b4f-ba62-96dcf1ae6474,Carilyn,Grafom
4082b736-e855-4948-b5f8-49381ac63b5c,Michale,Imlock
be6bec07-cfd9-4f73-a6ce-de6146b2125b,Darcey,Cerie
ec8a1e6d-69f4-438e-82e9-18717e869bb4,Vidovik,Tracy
3199be00-ff6b-4b4a-a934-092756fb49d7,Siobhan,Bottle
a29af5c3-dd0c-444c-a85f-4f4d18ad61d6,Cory,Bartholomaus
4c998b51-14f3-49bf-9460-28861f4e2a93,Bank,Durant
4ad9811f-f4a2-40d9-8fd0-f3580681826b,Fee,Mathis
04051092-21df-45c2-8477-ed4c1944117e,Dewie,Tonge
82390ffc-cabe-489c-94b8-7df79f554597,Clemmie,Peeke
5d78b5c2-18e0-43f3-bb4a-ba5be03c95cc,Tobye,Wishart
b6b0e21a-d450-4dbc-949f-dea64bc2e8af,Lanny,Porkiss
7ad374ec-d747-4ed6-8b37-0493dc027510,Tiffanie,Jevon
7bd5ad57-9395-4e1e-9eb6-9a56576d0b5a,Jillane,Camolli
724316e7-768d-4506-8b8b-f7260671075a,Wynne,Gozard
b89a51e4-9dd7-4085-ae22-b2bc0896fad8,Sumner,Dumbell
dcb81aa5-5ee8-4e4a-a53a-1807a6a7fc0f,Emma,Piatek
afa4cb63-17fb-4391-aac9-c8fb8d276343,Caresa,Whiskerd
8ea86012-d09a-41a4-aa27-f562a4b4a14d,Hermione,Stonhard
79090b35-0c13-46c8-8ec4-228131f7fdb0,Murry,Strowan
80450989-ec70-4d1c-b85d-513c31e88d79,Bambi,Lundbech
2bd384c4-650c-4119-9055-bff586556e9e,Deane,Frise
8a0d54f8-b9e2-450a-bc2b-83ad723f18b0,Robbin,Zelland
911101ac-3792-4dbc-aa96-85a9dfebdc90,Desi,Danilishin
2fa1d03b-ff96-49b6-9007-b940a9522a43,Ealasaid,Hefner
f09605ad-dcb0-44b2-8457-91593c82f992,Gibby,Flaunier
63da9910-07c9-4b79-9fb8-418db022e71b,Henri,Marsie
837c0f74-a946-4250-99e8-f06f6bc4a539,Aguie,Pamment
f45d3c4e-876e-465b-b843-9593ce14f1ac,Whittaker,Craze
8ba635a8-eb9f-4844-a757-46e90573f2f7,Jonathon,Potticary
0135b32f-4048-43e3-b8ba-e7e1c77c96d9,Jemima,Fullard
7c8cb76d-592d-4dae-9fcd-5a72157bd268,Morganne,Breadmore
bad380d6-c45e-46ad-827e-4573d201c57c,Giorgio,Dallicoat
4ea45a00-f775-4238-bfcd-cf866d1effec,Laurette,Sherrard
46083d76-c3e6-4235-ab39-c290b1553654,Vinnie,Paybody
9f4f57ce-34a7-4614-a5bc-03d00d2eaabd,Emanuele,Apedaile
89c19d5e-5a48-4ed5-b4ca-8b05d72ed42d,Georgie,Duer
9ebdf34a-5293-4345-924f-819446d4bda0,Claribel,Gready
1a1885f5-8b9c-45a1-8f72-eb9ff0d8c74a,Elbert,Sievewright
c1febc57-1b0c-439c-81b1-c4c2fdd2dac6,Sutherland,Broseke
865fb6f5-85ca-41a6-933d-c07de6dc0dc5,Arlina,Andrews
4f89ff55-acad-4624-b6cb-028c501728e9,Fremont,Salzburg
b9cf6b29-18e8-423f-82b7-059a16e79bb1,Galven,Loiterton
b93b71da-9af5-4c8b-a3ef-4a88c02dad4e,Annmaria,Peploe
e79512e2-331a-48a4-ab80-f7cb0c425895,Aurelie,Maliphant
0dc99829-f083-4923-89f1-7f9d743ede1f,Zabrina,Cambling
87e4bdc5-9264-472f-8cf8-30a2aa5fa15c,Hazlett,Filshin
d2857d36-b0d3-4692-a867-a9d92b48ec93,Meryl,Warde
270d3e84-282f-48a9-a1a2-459919d37bcd,Nelli,Etridge
790557f9-9a4b-439e-b6a9-08e8f9c4c8bd,Bernadette,Lansberry
064f3770-89e6-486e-a4b4-5bfe590063e0,Gerardo,Palethorpe
4b20447f-5344-41c9-966c-6923e6ffc7b3,Aloysia,Hazelton
a56a1d95-ec92-4408-93ca-7c5faa6726c6,Madeline,Rieflin
7c9c0cd8-2b62-47bc-8c40-d74e285bbbfc,Eadith,Axe
b147b20e-a790-472a-b020-fd55e970d5e0,Faulkner,Winson
eee02935-f796-4311-9b62-31c61828d771,Holly-anne,Latta
c6e37f5d-8a47-4e74-9a04-93bdb878aa8f,Jillie,Dyter
e2217f6d-01ac-41d7-8be1-0c47c98b3202,Lottie,Sibery
bee74fb4-56dd-40d2-9595-a56bb8872544,Joscelin,Teacy
6ed85175-7306-41de-8eca-e43450bf30bf,Emelia,Fallon
bf25f4da-d80b-411f-a4b2-8a083b833017,Laureen,Bellocht
29a79cc6-3d2a-4d89-8c1d-2b8dca353049,Dorolisa,Van Halen
932b07bb-6291-44ef-857d-a56550d26ed3,Antonio,Plows
0465bbc8-fe16-4222-86c3-bac8376f6d1a,Elwyn,Strood
7173bbb1-5105-410c-aae9-2a31715e6658,Tobias,Makepeace
700f6922-79b2-4eaf-a05b-982c551ac58b,Cirstoforo,Trowsdall
7b06eacd-fa11-49c8-a89c-4ab9a00d51cb,Merwyn,Posselow
1ed86952-e4dd-47a2-90b8-09089f0e970b,Melisse,Tackett
ef2839bf-7218-4cc2-975a-a128c599fe7a,Shara,Godmer
ee98e896-9727-460b-a340-1ca172cdee16,Sabina,Entwisle
dedf4206-1adf-4128-8fd9-e1043dfcbad4,Jyoti,Ridgedell
cda8725a-bf84-4667-8ede-15aacbc950e7,Jeniffer,Allderidge
73dfb637-3b5e-4f1d-8833-0f6e848aa648,Jody,Cavnor
3a2f6b6c-87b7-44b1-8a22-ad891d466028,Willie,Mutlow
d685841d-0054-45bb-963b-1f82173e241b,Shepperd,Zolini
9dcfac0f-bb40-44be-b814-7cf024bb911a,Aili,McKevitt
8d050220-4c57-46b8-8052-caabe2cd2d16,Dehlia,Senechault
fe541c72-bcfb-44e1-a6a2-595cebe3c1e6,Mohandis,Marley
068e6c42-7301-4015-9c42-5aaa26621fec,Lamont,Robbel
62e54e69-40ce-4d3a-a53d-177c1f622931,Lorne,Kleynen
1633f80c-b94b-4edc-93b8-5e9a49e773b1,Bryce,Haugh
d652666f-b6ed-4182-89b5-4a6465d32b90,Whitney,Jedraszczyk
f9c4e51d-549d-4fd8-b853-29667c65439f,Dianne,Buckie
48b85cdb-5121-4433-972a-f28a1befaad9,Lynea,Sokill
7661abd6-a234-4daf-b07a-0114a85f551c,Al,Brydson
b1d5d072-30e5-4e32-aec0-06924629493f,Dell,Matthew
fb9552d7-28c3-4437-9037-23ad67bedcd6,Raeann,Quade
4107e454-6e17-4ab4-ae88-d35be3abde41,Franzen,Echallier
17afef79-034a-4196-9280-34edbffc76bc,Lillian,Featherstone
a9b41adf-e876-423f-93a0-198fb0b4b83a,Edmund,Goldstein
60c82e58-a2bb-46cd-bf0d-d04a2ae3c4f2,Cherianne,Fothergill
306183d6-d995-4078-8510-74e8a9518cd3,Nannette,Guntrip
33166ccd-abd7-43f0-922c-76d7bb1598d8,Tanner,Stearndale
5213a642-0494-46f6-9559-1a8982166ddd,Berkie,Flaubert
d5775b8a-52b1-4483-91a4-3d0cd404dc84,Priscella,Bryns
a82aa64b-75f5-45cf-9b65-5a61716085f4,Quentin,Blackie
5884ce79-f709-44d1-895b-a68f7efb5b38,Victoria,Primarolo
f28ae6a9-6b09-45fc-aa13-171b716873b7,Shanon,Sedgwick
c0a079c2-c4b9-40c9-a053-a1e8d796e8d5,Genni,Halbeard
81daffd9-3e00-45b2-a5ea-75b63d8a8717,Sutton,Brasse
733e13b1-e07c-461b-a419-a05103c8a252,Neille,Raggles
7726ee27-072e-4493-bfdf-2981514c8887,Kirsten,Cotesford
cf69d21b-0b3e-4a58-be30-9a3c3caa0c41,Trev,Muzzollo
020c31be-d06d-4d71-8c74-7ce3a5c97dcd,Reg,Rivard
5c6ce1a2-2719-46da-9aac-46b99f38d5ae,Dominique,Manthroppe
1229a139-080c-4ea5-bb58-754e7ea6e1f0,Becca,Jermy
476d3b51-9ecf-4af6-9b01-36ca5251c1f7,Walther,Kepling
30bb739d-aff9-4c84-b99a-e142e6219ee0,Andrea,Wilkison
6987a0e3-ae85-49be-9764-01b6980952bc,Nickolaus,Shillingford
fea6aa43-ff8e-448f-a626-1c0e5a8e7884,Edgardo,Matignon
a5e9bce8-a30c-44ce-8762-ba0474db7d75,Evey,Wisbey
b8419886-8f6b-4222-a955-8715da066d4f,Lowell,Persse
5395e214-248e-451d-9af6-8ab358b96d64,Jeannie,Stothard
7105125d-ded3-4020-ba7c-0c97828ef8a3,Guthry,Avramovitz
d8342a0d-e01d-4c2f-bc3b-55d658f43a87,Martin,Ecclestone
22c3085e-dd46-41e0-a3da-2eea06c76788,Alanson,Tilson
d4564dbd-39b8-4788-88c3-02c6dd97eece,Ewen,Rowlin
c14a4648-08da-49e6-98b2-fe7cc5d938b6,Melina,Victory
05636d25-a367-4989-a346-e2f14b2843aa,Ludovika,Blind
883cd9d1-c222-4f9f-b4b6-ca0527072dcf,Margaretha,Lasty
ff2935ca-6904-4865-ac9a-0b9c88bdc5ae,Deeann,Melton
f8a61728-d4df-4f3e-bb97-87e9508cfc59,Dirk,Bank
5b87dace-5973-4157-b4ee-cbf5a0ad3f6a,Rosita,Danilewicz
de115ab2-18a4-426e-9bb4-5dbf89974d55,Sigismundo,Duddin
ee57b2ee-d0c4-44d5-bdc5-43ad92bd9866,Neile,Martino
fc195624-a749-4516-91e7-bbc3b3268855,Winnie,Lightbown
a8c8f192-b966-404a-8ef6-efd93531ca0b,Dena,Longfoot
1dcf47f8-e923-4e85-9014-e0b0c4d4dca4,Janifer,Oris
7034f14f-1e08-4e44-8a10-e7e8b1a664fb,Dreddy,Sutheran
d6211e91-9389-4f0e-b65d-1aaaf264f4b0,Abel,Dyerson
e15bd83f-c82c-46b4-8e01-30d62c7cd59b,Almeria,Casley
0fda109a-f670-450b-bf3a-64412ae2cc1e,Dinnie,Bolstridge
b977c5ee-a30b-4d20-843f-1548d8e38e63,Tandi,Heritege
554f6d31-ffba-4b7a-a126-e39c304fd8e2,Harley,Huston
1fe88393-27ca-4410-b35d-803b0d9099f3,Jo ann,Kaesmans
c1d3d936-fd98-46d4-a011-f7d7629a9777,Zara,Garment
f3209a32-e577-4bb6-be26-03737807f595,Sherill,MacHoste
4b4598e7-6517-4c88-82fb-8fd0898ed358,Tessy,Tenwick
6c524b5c-ab79-4406-bf1c-c29928f5c818,Deeann,Chern
95d272a3-3b2c-4baa-9ae0-0d8e8aa26262,George,Swigg
27508c59-123d-4203-bec1-d81dd9a2de89,Guenevere,Shorto
7ebd720b-2fa7-4bc2-94dd-25a2d82d6202,Nannette,Scawen
60b3e08d-20db-40b3-b3b3-541f6bcb472b,Allyn,Crang
c2f90fc5-be66-4304-868d-2cefab2ced38,Gunter,Gallelli
c6549fc4-687d-40a6-bb57-387d8ad3d456,Anstice,Semechik
17cd7c2e-736d-488f-97ee-1a4c37239d6a,Tricia,Lanning
d28f64c4-3c94-43b1-a534-e43872cbbbb9,Harlin,Guitonneau
1ec3a31b-a064-497c-8ec3-19725bc61caa,Eulalie,Grigolashvill
51dcda0a-8b43-4216-8ea4-cd8e81bee12f,Gill,Giacomucci
55824d1a-8124-438c-857f-eb91efc6544b,Hertha,Lillicrop
50c86fe5-d2da-46b6-95ca-a41727573b2c,Catarina,Brookwell
a521ccf6-bfa7-46d7-adf3-97d78d1f7ce8,Cathie,Escudier
90ebf688-8636-4404-9335-0cdc4e1555d3,Ignazio,Biddiss
ebedb031-574f-492d-a0a0-310df2be0d37,Bellina,Mattheeuw
1978f99d-94c7-414a-8e33-ea7d9d58b157,Emilee,Viccary
2556f937-c934-4c51-bf56-45c845fdf1c0,Gerti,Jovanovic
2a71da8a-61e3-4832-b641-034b08b1df4e,Vidovic,Haresign
fb338a67-abee-44a1-afe3-ef485e45ed61,Lilas,Raspel
ead57267-4e0b-4461-83cd-87cdf819faa6,Sasha,Baudouin
6bbce42f-8caa-4273-b83a-67c5ab1133f9,Tomkin,Berr
68982ace-ac04-471c-8193-6199ac868b7e,Emlen,Bickerdyke
be4388ee-868d-4ac0-920c-6680e282a543,Clare,Winscum
7097adff-b91d-4fe6-97ae-263c273099bb,Cassandry,Cremer
c3b3fa4c-a4bb-4b82-8d09-d68b3613afab,Merry,Magrannell
7717d7af-e396-4cba-a74e-aa9155708853,Euphemia,Judson
302f2e1d-d12d-4f31-bfe8-88258588a3a0,Patten,Kennard
04a10da5-aac5-46d5-b338-f2fee4eeaa8d,Mose,Doxsey
cf695453-615f-44d9-99d2-6f60e80b7a0e,Kelcy,Spragg
39a1f228-ae95-43ba-bbf4-a5b97a2380c4,Adrienne,Abbiss
8d4093c9-7a6a-49fb-b446-c1b67e32af49,Charla,Gebhard
e8e8867b-9f10-4408-9cd8-2337f9e8b182,Kiah,Inglese
8d9e9b91-cf56-4de6-940e-3de325826430,Humfried,Focke
06a7c28c-7f51-4c77-b70e-b6a66f27b157,Raynard,Elloy
76f43d40-f34c-4c77-8904-a4a1bf9e7e22,Eben,Petriello
e2771dc2-0c3c-4538-a12d-354ad978c2b4,Carin,Streight
74462df7-8540-44f0-8d4c-645c55e6e5a1,Wenda,Jephcott
28e57d05-2de5-4d3d-a003-79d23e9b5911,Juana,Egdal
8e15d962-ca67-4b1e-ac09-53889eaa9c8b,Vanna,Jans
da678190-d650-434d-b9be-26112fed9568,Lilian,Banbrigge
5d0dcbc7-5905-44d2-8cfa-819b5a64e4a2,Tiffani,Ferretti
73d854d3-3fa6-4957-83c5-2617f5957950,Layton,Drohan
1c57157c-8349-415c-aa5a-2e33bdabcc82,Launce,Coltart
501fdfa9-9ee3-45e8-8cd8-88e9a786e35d,Lynn,Atherley
a21e5d20-d06d-49d4-844a-850c08bced74,Kinsley,Swiffin
bd3581ac-3945-4bfd-b14b-c35fc1b098e2,Marylynne,Newling
f48162e6-61c5-413a-b85c-8fef63815a44,Baird,Macken
283709e1-b269-4497-aaeb-e3de07d58e2d,Lilith,Golson
f80399fb-92eb-4a30-bf85-aec60c299772,Neilla,Monelle
ad1c51ab-b9a2-47a4-9fd9-bcec969f228f,Dietrich,Truss
3362b5ee-ceea-40d2-a277-ccac3e27a1bd,Joete,Brayshaw
fb7cba9e-4b94-4dc8-a6ec-f8c1da288ad8,Tades,Robrow
8ba35166-6fd9-4d23-8806-5a22d3710b33,Gallagher,Kulicke
4703fe29-dc12-491a-96fc-159a0dc0bec1,Netti,Neubigin
a0ced648-62e7-457d-be3a-f56d6398ab3e,Nyssa,McPartlin
7cdf2a2c-c4c4-4648-83b1-de5497f0b972,Rollin,Dunkersley
de15bf9a-0617-4ad4-9f77-97c7d7270bb5,Linette,Shimoni
1463406b-85c8-4d01-90f2-f31ac282f73a,Bernadina,Oen
b28c8070-ce5a-40db-8789-7f63d0f0e712,Armstrong,Shellcross
05174246-cca8-4eea-810b-1fe8a0ddad73,Verene,Tregea
bf7f94f6-67ee-4ba2-8d40-e715d7acd54f,Dannie,Ivanuschka
ded87a87-c908-4f63-99e3-ee8b12d2fc67,Gilles,Pointing
9ebae544-b396-4bb5-acf7-d69b75511081,Kevan,Doward
64e1994e-39bf-4f43-be71-3253a9a192ca,Andre,Dummett
9d4f0625-373f-498c-890b-5e469f38dabd,Kaleb,Worssam
3f8711af-404e-46f7-8b77-33dd7841460e,Quinn,Cockshutt
f5ecbef2-c034-42b4-9c94-35c8ccd942c6,Elsworth,McBeath
d2391cd3-6775-4015-b48a-d100fd774606,Leigha,Stanway
f7e50c94-a444-4227-9585-4f4a328e6203,Mandy,Armitt
ac552d89-2be1-4244-8cef-41ef03e85a66,Judon,Harnott
7c3c09f8-6597-4f96-9923-7ea368888710,Sib,Tytcomb
a3a04fb3-1bfe-494c-9b17-ff3cc6a31c49,Arliene,Feasey
b5f6441c-7c47-4e17-a5ec-af9086d389c1,Reynold,Ebbens
5a4ef72a-b802-4987-a741-5fada27cf822,Kennan,McCarver
a6986bad-8878-4cc4-ba7a-83f0245d7c56,Domini,Longson
4465cb73-6eae-4836-af39-f635853c6051,Avigdor,Churchyard
97961708-908d-4088-bed6-658ad4593696,Claudio,Perrin
e3ff3cfc-cdb2-4301-bbba-a10723880e0e,Inglebert,Forrestor
cc098bc2-f79f-4e8f-889d-195dd5f4a013,Virgie,Rayer
a8593371-beed-4898-be11-b22570367283,Morley,Becconsall
49e27e28-2d4e-48ad-9002-fc2f437f4442,Nora,Demke
109110de-7b68-4e93-94f9-a6a171d0b942,Brand,McRavey
e56c25b2-8db4-4c0e-9742-152066394003,Moishe,Bedder
674f531b-a560-4424-8303-ecc26a8f9451,Meridel,Rawstorn
9f336306-1ae9-48a5-ad84-6b3ffa5ff77c,Christine,Antrum
b62db091-9c6a-4dce-81b8-a9c881323a0e,Gabie,Howison
a7d9eaba-4a88-43a2-a347-cb69db40f052,Alice,Ramshaw
4d6376f0-e866-40f7-af8e-8a555b6282d0,Caddric,Wight
9dfe4226-4955-4f14-a413-ecdc2c4094ec,Dorri,Cluse
0ff9f20b-677f-44fc-86d3-5235dddf5039,Nikola,Gocke
484a7cde-db6a-42b5-8190-6e6d7826f20b,Redford,Grute
1fbbd1b4-d47b-42fe-bef3-5fe442fb9657,Ransom,Hartshorn
f80c5cc8-b7ec-4b55-9cd6-90b23d79ec78,Roselle,Crumley
5e1addc4-1dce-4fb1-aa02-dcbd754d3801,Jermayne,Camp
d1e48768-ad0d-437e-9fa8-94cbaf364d1f,Tobias,Gladdish
774c3981-1b61-4ccf-83f7-a7717dd62456,Alvina,Thomann
11042f5e-7453-45e4-b279-a37b0e2c3cd1,Adler,Matveyev
5073ed09-a2eb-479f-b714-0dd7bac30dd8,Trixie,Doey
1dbd633a-8316-4e5e-803c-3b8f9f4bdc0b,Sergeant,Lacoste
bbdb404f-4697-49e8-b40b-0a9f1e545005,Bastian,Reddings
b4511975-80ac-43ea-b27f-f9eb889872cb,Christoffer,Myhan
303c457f-ba2d-49dc-b7e8-21f0609992d8,Sutherland,Chaunce
3ae54d85-8b81-42be-916e-334b0e687208,Jessey,McIlory
0d077aaa-a70d-47df-b09b-6a593703a699,Mechelle,Juorio
f26e6706-db1d-4836-b8a8-43a0cf64598f,Augustina,Caris
b5a377f9-0d46-4e0e-a748-714c8c8e72c4,Norah,Stuchberry
1b54e07e-ca02-438c-ac62-68d06c7e2837,Dorine,Beaten
aa8e5201-1f9d-49d0-939d-3804a1f5482f,Ruthy,Matitiaho
78d93f7d-119d-41c6-9339-bdd126e8aa2d,Kinsley,Petrina
294a8d90-c18a-4df9-a7eb-c4fcd7558df4,Analise,Louis
a1570102-8dad-4bf1-8fb9-4fe3a2d90e5b,Nike,Wollaston
5d089cf8-0cea-4be2-afb8-221e779220da,Nellie,Hussey
49a35f0b-e22c-4505-a6d2-8ee2f48dd92f,Brooke,Danjoie
9b4634df-80aa-4c17-b08e-7c3e6b9ce9ce,Lowe,Madgin
2e75bbfc-9db4-4118-8350-ac949de8df48,Monty,Filon
e61cb3ea-9ddf-4188-8151-230dd8879308,Sanson,Nassau
71eed8fe-8558-447d-966c-86ed7f3b5fee,Marinna,Quipp
aa07d32e-af05-4cc9-96ed-a1a5f81fccc3,Clovis,St. Hill
abeedf36-de91-4291-a08a-9c928bc5eda8,Clemente,Macey
1808ab84-ac16-41bb-8ba1-b31183f1f397,Anson,Drain
ac6667fe-d7f3-4ba2-a0d1-225913365308,Joey,Madgewick
704b4ce0-39c9-47ad-82fc-d3f437874c00,Mufinella,Sargeant
300c3975-1548-4f67-9b40-3aeeb7e1edbb,Mariejeanne,Caston
bb7ba8fa-b2ed-4983-9227-83a4a38f8c3c,Georgeta,Hartright
ec792ed5-4482-4cf1-9b35-2d0c43931f22,Karie,Wickliffe
ec090876-3581-4473-a8a5-12c6393de517,Alicea,Spuner
293b56eb-4afd-4310-a644-a8e70d21a7ba,Talbot,Philipp
b816b2da-b533-4331-8cf8-cd4bb702419e,Judas,Whitchurch
eadb203e-b669-4880-99c8-a1dc84061f60,Everett,McGuiness
16641da4-9888-4359-bfcd-f310363cdc35,Olva,Scrancher
1eb30124-31fc-40c6-943b-44ad02e68fff,Staffard,Bestiman
91ab1e7d-cc9e-475e-a270-5e5713914bf3,Arthur,De Ambrosi
a4d2e352-971f-4257-a62e-170b470537f8,Andrus,Claypool
7a3f85fc-2b5b-4cc8-ace9-172a392d4047,Kerri,Angel
a9f69d9b-1a2e-4621-ae74-82224f51d10c,Chris,Puttergill
c264e150-9bd7-459e-8143-68e2918653b0,Rees,Shiril
d63cad7c-544d-49c4-9d57-7c7c4f08e171,Bamby,Biggerstaff
c4b1056f-b1be-4864-987f-3df73ff45d93,Beryle,Danilchenko
9f1b9744-7db1-4e5c-a28d-1e1e45249d1d,Gale,Maywood
f9a09d47-17b0-4f24-a102-840c29882a02,Kingsley,Fawley
6483dad3-45f7-4cea-9944-d4f073bc2a41,Cherry,Whatsize
26d504c6-06c6-4fdb-989d-749a9d43b43f,Moyra,Haruard
809b7492-3725-4d26-ab12-2aca3f127840,Jaime,Ince
92a3807c-383d-4cd9-b4bf-94a71e33f38c,Tiffie,Miranda
bc459c5a-8686-49f6-a00d-9df6b48ff544,Cordula,Chiene
927d40a3-b3f1-4f95-b06e-5cdeb269ecd0,Konstantin,Michelin
dc427f38-9a22-4c7d-92d7-b1cf4315c1bc,Branden,Essberger
aefec6cc-8c30-4446-a3c8-f3080ff4d631,Susette,Brayn
4bba6745-c7d6-4a35-9c7f-ef84153c35a5,Renee,Fann
9060d967-ab75-4b39-9611-42b9d68e4bf4,Vaughan,Vasyukhnov
0276060b-3c0e-4cfe-9aed-d36e9ffcd884,Carrie,Schapero
5b898874-4d76-45d1-8151-ba837f9e68c9,Valentine,Gledhall
65962edb-6a26-4fef-a92f-1b6684c048e2,Tansy,Dennington
bf8292e4-e1ca-4ae9-95b5-04d2fadfa948,Stanly,Livett
c633a657-0b3b-4822-8801-2ee8c877d45c,Kim,Brocklesby
51f2413a-40d5-4d99-8221-e25412ca1d1e,Meier,Driffe
19d657bc-8edd-4391-b18c-c213ec471829,Webster,Maiklem
8516567d-f704-4ab2-af5a-1e2453c36cc1,Mollee,Sitford
a8a356c7-c8c8-4fc6-823e-de4c9ecdc079,Dillie,Morpeth
b3498ef1-e78d-4498-a17b-a7a0ca73e27f,Roanne,Hawkes
a99bb3e9-c13c-4e05-9527-3fde8de631aa,Carolyn,Tisun
36c10d12-2747-4df8-b745-dc3cbf088369,L;urette,Willingam
cfa85b46-3efe-4838-b253-c0cb004ce340,Dominique,Cabedo
8a223592-7705-4427-b372-193ff3384f1b,Edita,Davern
7db699ad-65e5-49b3-8438-c23ae4b60b0e,Laverna,Fautley
60d8df0c-6932-4e9e-be10-5fceabb15341,Petronille,Simoncini
875ec311-1c67-48eb-9c03-2c7d93d41d4c,Debbi,Bowerbank
6dd8212d-7ef6-4fc8-9221-7e0cb89c63ba,Mitzi,Earengey
e31b068b-4ce7-4207-b9d7-433fb585424f,Alene,Northage
54574b4f-08b2-4103-a745-b79db071c145,Ravi,Bitterton
9efe4578-b49a-4ec6-8514-b741ca01841b,Maribeth,Fewtrell
9b784e3a-f7bc-4d28-be95-a2e7bd415b08,Kirbie,Dee
1c07870e-df04-46e1-b444-3c29d0732660,Leona,Battlestone
7623a4db-c961-4da7-9f09-a575ef9cc6a7,Joy,Houlston
88f86fb9-1a7f-428b-96a1-ebe6ca2fe2d5,Wittie,Sissland
07e87657-5be1-4bb1-a8ef-2875df944d9d,Binny,Dukesbury
ea3fbcff-e1a8-4a59-bded-7d71d6d0736f,Siusan,Effnert
b82e3c29-b4e6-4d48-a474-d1d8ac21242f,Deloria,MacPherson
22b49742-bdf8-4d3b-9bcd-00220d8233ca,Quint,Jaume
489a6140-b1b8-4531-b6ea-2c3b87df35c7,Shaine,Lyon
7efeccb0-876d-499a-9ea8-7bf1f507af99,Zenia,Garvill
f6313775-aadd-4e72-a23d-5da5fd1ad54c,Cobb,Hempel
0adfc08d-ceb6-481b-9f4f-978c76850be8,Marta,Henrych
